timestamp;source;bandwith;mac;channel;phy_type;ssid;b_supported;g_supported;n_supported;data_rate;1.0;2.0;5.5;11.0;18.0;24.0;36.0;54.0;6.0;9.0;12.0;48.0;time;ac_supported
1520004588.0714333;beacon;20;00:1e:c0:18:d1:20;3;4;ICON-18d120;True;True;False;1.0;True;True;True;True;True;True;True;True;True;True;True;True;2018-03-02 16:29:48;
1520004588.5573037;beacon;20;fa:8f:ca:35:a1:63;4;4;Stratos.b;True;True;True;1.0;True;True;True;True;True;True;True;True;True;True;True;True;2018-03-02 16:29:48;
1520004588.8306282;beacon;20;08:96:ad:a0:6e:10;9;6;eduroam;True;True;True;24.0;;;;;;True;True;True;;;;True;2018-03-02 16:29:48;
1520004588.8804739;beacon;20;08:96:ad:a0:6e:12;9;6;tudelft-dastud;True;True;True;24.0;;;;;;True;True;True;;;;True;2018-03-02 16:29:48;
1520004588.9313993;beacon;20;08:96:ad:a0:6e:11;9;6;TUvisitor;True;True;True;24.0;;;;;;True;True;True;;;;True;2018-03-02 16:29:48;
1520004589.052993;beacon;20;2c:33:11:38:c9:d0;5;6;eduroam;True;True;True;24.0;;;;;;True;True;True;;;;True;2018-03-02 16:29:49;
1520004589.0534027;beacon;20;2c:d0:2d:ed:85:c2;5;6;tudelft-dastud;True;True;True;24.0;;;;;;True;True;True;;;;True;2018-03-02 16:29:49;
1520004589.055801;beacon;20;2c:33:11:38:c9:d2;5;6;tudelft-dastud;True;True;True;24.0;;;;;;True;True;True;;;;True;2018-03-02 16:29:49;
1520004589.056743;beacon;20;2c:33:11:38:c9:d1;5;6;TUvisitor;True;True;True;24.0;;;;;;True;True;True;;;;True;2018-03-02 16:29:49;
1520004589.102618;beacon;20;2c:d0:2d:ed:85:c1;5;6;TUvisitor;True;True;True;24.0;;;;;;True;True;True;;;;True;2018-03-02 16:29:49;
1520004589.213102;beacon;20;2c:d0:2d:ed:85:c0;5;6;eduroam;True;True;True;24.0;;;;;;True;True;True;;;;True;2018-03-02 16:29:49;
1520004589.585222;beacon;20;00:a3:8e:7e:ce:00;1;6;eduroam;True;True;True;24.0;;;;;;True;True;True;;;;True;2018-03-02 16:29:49;
1520004589.634381;beacon;20;00:a3:8e:7e:ce:02;1;6;tudelft-dastud;True;True;True;24.0;;;;;;True;True;True;;;;True;2018-03-02 16:29:49;
1520004589.6835332;beacon;20;00:a3:8e:7e:ce:01;1;6;TUvisitor;True;True;True;24.0;;;;;;True;True;True;;;;True;2018-03-02 16:29:49;
1520004589.8168042;beacon;20;2c:33:11:1a:3b:02;13;6;tudelft-dastud;True;True;True;24.0;;;;;;True;True;True;;;;True;2018-03-02 16:29:49;
1520004589.8223698;beacon;20;2c:33:11:31:cc:d0;13;6;eduroam;True;True;True;24.0;;;;;;True;True;True;;;;True;2018-03-02 16:29:49;
1520004589.8468606;beacon;20;2c:33:11:31:cc:d4;13;6;tudelft-dastud;True;True;True;24.0;;;;;;True;True;True;;;;True;2018-03-02 16:29:49;
1520004589.9698164;beacon;20;2c:33:11:31:cc:d3;13;6;TUvisitor;True;True;True;24.0;;;;;;True;True;True;;;;True;2018-03-02 16:29:49;
1520004593.6611369;beacon;20;90:f6:52:2e:4f:4a;11;4;RUM;True;True;True;1.0;True;True;True;True;True;True;True;True;True;True;True;True;2018-03-02 16:29:53;
1520004596.239571;beacon;20;00:19:84:25:85:15;1;4;dd-wrt-free;True;True;False;1.0;True;True;True;True;True;True;True;True;True;True;True;True;2018-03-02 16:29:56;
1520004598.7692578;beacon;20;00:a3:8e:6e:89:f1;9;6;TUvisitor;True;True;True;24.0;;;;;;True;True;True;;;;True;2018-03-02 16:29:58;
1520004598.881102;beacon;20;00:a3:8e:6e:89:f0;9;6;eduroam;True;True;True;24.0;;;;;;True;True;True;;;;True;2018-03-02 16:29:58;
1520004598.9321516;beacon;20;00:a3:8e:6e:89:f2;9;6;tudelft-dastud;True;True;True;24.0;;;;;;True;True;True;;;;True;2018-03-02 16:29:58;
1520004599.5683906;beacon;40;a0:e4:cb:e8:0a:8a;1;4;Enke_Merrie;True;True;True;1.0;True;True;True;True;True;True;True;True;True;True;True;True;2018-03-02 16:29:59;
1520004599.6877437;beacon;20;2c:33:11:22:0d:a0;1;6;eduroam;True;True;True;24.0;;;;;;True;True;True;;;;True;2018-03-02 16:29:59;
1520004600.0898957;beacon;40;c0:4a:00:42:04:8a;6;4;TP-LINK_42048A;True;True;True;1.0;True;True;True;True;True;True;True;True;True;True;True;True;2018-03-02 16:30:00;
1520004600.4789433;beacon;20;f2:f2:6d:94:8b:e0;11;4;litho-guest2.4GHz;True;True;True;1.0;True;True;True;True;True;True;True;True;True;True;True;True;2018-03-02 16:30:00;
1520004600.8712683;beacon;40;a4:2b:b0:df:5f:d8;12;4;TP-LINK_5FD8;True;True;True;1.0;True;True;True;True;True;True;True;True;True;True;True;True;2018-03-02 16:30:00;
1520004602.3028111;beacon;20;2c:d0:2d:f5:82:e3;5;6;TUvisitor;True;True;True;24.0;;;;;;True;True;True;;;;True;2018-03-02 16:30:02;
1520004602.364255;beacon;20;2c:d0:2d:f5:82:e0;5;6;eduroam;True;True;True;24.0;;;;;;True;True;True;;;;True;2018-03-02 16:30:02;
1520004602.8249748;beacon;20;50:c7:bf:51:83:76;1;4;eindelijkinternet;True;True;True;1.0;True;True;True;True;True;True;True;True;True;True;True;True;2018-03-02 16:30:02;
1520004602.9585676;beacon;20;2c:33:11:22:0d:a3;1;6;TUvisitor;True;True;True;24.0;;;;;;True;True;True;;;;True;2018-03-02 16:30:02;
1520004603.199916;beacon;20;2c:d0:2d:e9:3b:33;13;6;TUvisitor;True;True;True;24.0;;;;;;True;True;True;;;;True;2018-03-02 16:30:03;
1520004605.3770869;beacon;40;ec:08:6b:92:b5:97;9;4;silen7A;True;True;True;1.0;True;True;True;True;True;True;True;True;True;True;True;True;2018-03-02 16:30:05;
1520004605.7311766;beacon;20;2c:d0:2d:f5:82:e4;5;6;tudelft-dastud;True;True;True;24.0;;;;;;True;True;True;;;;True;2018-03-02 16:30:05;
1520004606.1077695;beacon;20;2c:d0:2d:ed:9d:61;1;6;TUvisitor;True;True;True;24.0;;;;;;True;True;True;;;;True;2018-03-02 16:30:06;
1520004606.2183545;beacon;20;2c:d0:2d:ed:9d:60;1;6;eduroam;True;True;True;24.0;;;;;;True;True;True;;;;True;2018-03-02 16:30:06;
1520004606.26809;beacon;20;2c:d0:2d:ed:9d:62;1;6;tudelft-dastud;True;True;True;24.0;;;;;;True;True;True;;;;True;2018-03-02 16:30:06;
1520004606.6200147;beacon;20;08:62:66:3d:d7:38;6;4;Blox;True;True;True;1.0;True;True;True;True;True;True;True;True;True;True;True;True;2018-03-02 16:30:06;
1520004606.879174;beacon;20;f4:f2:6d:94:8b:e0;11;4;litho2.4GHz;True;True;True;1.0;True;True;True;True;True;True;True;True;True;True;True;True;2018-03-02 16:30:06;
1520004608.5391366;beacon;40;18:a6:f7:86:a4:62;4;4;kurwezee;True;True;True;1.0;True;True;True;True;True;True;True;True;True;True;True;True;2018-03-02 16:30:08;
1520004612.3889356;beacon;40;6c:fd:b9:5a:62:0c;5;4;connect for pictures of cats;True;True;True;1.0;True;True;True;True;True;True;True;True;True;True;True;True;2018-03-02 16:30:12;
1520004614.4800758;beacon;20;90:f6:52:2e:5a:72;7;4;rapier;True;True;False;1.0;True;True;True;True;True;True;True;True;True;True;True;True;2018-03-02 16:30:14;
1520004616.2052643;beacon;20;2c:33:11:22:0d:a4;1;6;tudelft-dastud;True;True;True;24.0;;;;;;True;True;True;;;;True;2018-03-02 16:30:16;
1520004620.9152792;beacon;20;92:f6:52:2e:5a:72;7;4;accesspoint;True;True;False;1.0;True;True;True;True;True;True;True;True;True;True;True;True;2018-03-02 16:30:20;
1520004621.9776103;beacon;20;2c:33:11:43:12:14;9;6;tudelft-dastud;True;True;True;24.0;;;;;;True;True;True;;;;True;2018-03-02 16:30:21;
1520004622.1004257;beacon;20;2c:33:11:43:12:13;9;6;TUvisitor;True;True;True;24.0;;;;;;True;True;True;;;;True;2018-03-02 16:30:22;
1520004623.3035715;beacon;20;ac:37:43:52:42:45;6;4;AndroidAP Pixel MK;True;True;True;1.0;True;True;True;True;True;True;True;True;True;True;True;True;2018-03-02 16:30:23;
1520004625.2954113;beacon;20;2c:33:11:43:12:10;9;6;eduroam;True;True;True;24.0;;;;;;True;True;True;;;;True;2018-03-02 16:30:25;
1520004625.461893;beacon;20;2c:d0:2d:ed:8d:61;5;6;TUvisitor;True;True;True;24.0;;;;;;True;True;True;;;;True;2018-03-02 16:30:25;
1520004628.7599638;beacon;20;2c:d0:2d:ed:8d:62;5;6;tudelft-dastud;True;True;True;24.0;;;;;;True;True;True;;;;True;2018-03-02 16:30:28;
1520004628.7692811;beacon;20;2c:d0:2d:ed:8d:60;5;6;eduroam;True;True;True;24.0;;;;;;True;True;True;;;;True;2018-03-02 16:30:28;
1520004628.8043525;beacon;20;f4:ec:38:9c:f4:fa;5;4;sigma;True;True;True;1.0;True;True;True;True;True;True;True;True;True;True;True;True;2018-03-02 16:30:28;
1520004629.5255759;beacon;20;2c:33:11:1a:45:53;13;6;TUvisitor;True;True;True;24.0;;;;;;True;True;True;;;;True;2018-03-02 16:30:29;
1520004629.5282571;beacon;20;2c:d0:2d:87:37:f0;13;6;eduroam;True;True;True;24.0;;;;;;True;True;True;;;;True;2018-03-02 16:30:29;
1520004630.3603103;beacon;20;e0:46:9a:3b:e8:9e;2;4;class100;True;True;True;1.0;True;True;True;True;True;True;True;True;True;True;True;True;2018-03-02 16:30:30;
1520004631.2306144;beacon;20;e6:46:9a:3b:e8:9e;3;4;class100_Guest1;True;True;True;1.0;True;True;True;True;True;True;True;True;True;True;True;True;2018-03-02 16:30:31;
1520004632.0925918;beacon;20;2c:33:11:38:ca:53;5;6;TUvisitor;True;True;True;24.0;;;;;;True;True;True;;;;True;2018-03-02 16:30:32;
1520004632.154044;beacon;20;2c:33:11:38:ca:50;5;6;eduroam;True;True;True;24.0;;;;;;True;True;True;;;;True;2018-03-02 16:30:32;
1520004632.1786206;beacon;20;2c:33:11:38:ca:54;5;6;tudelft-dastud;True;True;True;24.0;;;;;;True;True;True;;;;True;2018-03-02 16:30:32;
1520004632.9293942;beacon;20;2c:33:11:1a:45:50;13;6;eduroam;True;True;True;24.0;;;;;;True;True;True;;;;True;2018-03-02 16:30:32;
1520004632.953949;beacon;20;2c:33:11:1a:45:54;13;6;tudelft-dastud;True;True;True;24.0;;;;;;True;True;True;;;;True;2018-03-02 16:30:32;
1520004633.3934135;beacon;20;a4:2b:b0:a5:da:65;11;4;TP-LINK_DA65;True;True;True;1.0;True;True;True;True;True;True;True;True;True;True;True;True;2018-03-02 16:30:33;
1520004638.667894;beacon;20;2c:33:11:31:d3:23;9;6;TUvisitor;True;True;True;24.0;;;;;;True;True;True;;;;True;2018-03-02 16:30:38;
1520004645.2051146;beacon;20;2c:33:11:31:d3:20;9;6;eduroam;True;True;True;24.0;;;;;;True;True;True;;;;True;2018-03-02 16:30:45;
1520004645.2297592;beacon;20;2c:33:11:31:d3:24;9;6;tudelft-dastud;True;True;True;24.0;;;;;;True;True;True;;;;True;2018-03-02 16:30:45;
1520004649.4456685;beacon;20;54:a2:74:03:04:61;13;6;TUvisitor;True;True;True;24.0;;;;;;True;True;True;;;;True;2018-03-02 16:30:49;
1520004651.7454696;beacon;20;12:4a:7d:bc:10:11;9;6;DIRECT-RPZBOOK15msMM;True;True;True;24.0;;;;;True;True;True;True;True;True;True;True;2018-03-02 16:30:51;
1520004652.5015635;beacon;20;2c:33:11:19:31:d4;1;6;tudelft-dastud;True;True;True;24.0;;;;;;True;True;True;;;;True;2018-03-02 16:30:52;
1520004652.624502;beacon;20;2c:33:11:19:31:d3;1;6;TUvisitor;True;True;True;24.0;;;;;;True;True;True;;;;True;2018-03-02 16:30:52;
1520004652.6859488;beacon;20;2c:33:11:19:31:d0;1;6;eduroam;True;True;True;24.0;;;;;;True;True;True;;;;True;2018-03-02 16:30:52;
1520004655.9405801;beacon;20;54:a2:74:04:11:c0;1;6;eduroam;True;True;True;24.0;;;;;;True;True;True;;;;True;2018-03-02 16:30:55;
1520004655.9894202;beacon;20;54:a2:74:04:11:c2;1;6;tudelft-dastud;True;True;True;24.0;;;;;;True;True;True;;;;True;2018-03-02 16:30:55;
1520004655.9903965;beacon;20;54:a2:74:04:11:c1;1;6;TUvisitor;True;True;True;24.0;;;;;;True;True;True;;;;True;2018-03-02 16:30:55;
1520004656.0831218;beacon;20;54:a2:74:03:04:62;13;6;tudelft-dastud;True;True;True;24.0;;;;;;True;True;True;;;;True;2018-03-02 16:30:56;
1520004656.2410755;beacon;20;54:a2:74:03:04:60;13;6;eduroam;True;True;True;24.0;;;;;;True;True;True;;;;True;2018-03-02 16:30:56;
1520004658.7065446;beacon;20;78:ba:f9:ec:de:32;5;6;tudelft-dastud;True;True;True;24.0;;;;;;True;True;True;;;;True;2018-03-02 16:30:58;
1520004658.7479475;beacon;20;78:ba:f9:ec:de:31;5;6;TUvisitor;True;True;True;24.0;;;;;;True;True;True;;;;True;2018-03-02 16:30:58;
1520004661.6841726;beacon;20;2c:d0:2d:e9:3a:84;9;6;tudelft-dastud;True;True;True;24.0;;;;;;True;True;True;;;;True;2018-03-02 16:31:01;
1520004661.7066197;beacon;20;54:a2:74:01:69:11;9;6;TUvisitor;True;True;True;24.0;;;;;;True;True;True;;;;True;2018-03-02 16:31:01;
1520004661.8664389;beacon;20;54:a2:74:01:69:12;9;6;tudelft-dastud;True;True;True;24.0;;;;;;True;True;True;;;;True;2018-03-02 16:31:01;
1520004665.1493592;beacon;20;2c:d0:2d:e9:3a:83;9;6;TUvisitor;True;True;True;24.0;;;;;;True;True;True;;;;True;2018-03-02 16:31:05;
1520004665.2028434;beacon;20;2c:d0:2d:e9:3a:80;9;6;eduroam;True;True;True;24.0;;;;;;True;True;True;;;;True;2018-03-02 16:31:05;
1520004668.4192483;beacon;20;54:a2:74:04:66:62;9;6;tudelft-dastud;True;True;True;24.0;;;;;;True;True;True;;;;True;2018-03-02 16:31:08;
1520004671.7713594;beacon;20;2c:33:11:31:dd:d0;9;6;eduroam;True;True;True;24.0;;;;;;True;True;True;;;;True;2018-03-02 16:31:11;
1520004671.7723036;beacon;20;2c:33:11:31:dd:d2;9;6;tudelft-dastud;True;True;True;24.0;;;;;;True;True;True;;;;True;2018-03-02 16:31:11;
1520004671.7731934;beacon;20;2c:33:11:31:dd:d1;9;6;TUvisitor;True;True;True;24.0;;;;;;True;True;True;;;;True;2018-03-02 16:31:11;
1520004671.898388;beacon;20;2c:33:11:22:0d:40;5;6;eduroam;True;True;True;24.0;;;;;;True;True;True;;;;True;2018-03-02 16:31:11;
1520004671.9612262;beacon;20;2c:33:11:22:0d:44;5;6;tudelft-dastud;True;True;True;24.0;;;;;;True;True;True;;;;True;2018-03-02 16:31:11;
1520004674.9346957;beacon;20;2c:d0:2d:e4:f3:92;9;6;tudelft-dastud;True;True;True;24.0;;;;;;True;True;True;;;;True;2018-03-02 16:31:14;
1520004675.0550575;beacon;20;2c:d0:2d:e4:f3:90;9;6;eduroam;True;True;True;24.0;;;;;;True;True;True;;;;True;2018-03-02 16:31:15;
1520004675.20298;beacon;20;2c:33:11:22:0d:43;5;6;TUvisitor;True;True;True;24.0;;;;;;True;True;True;;;;True;2018-03-02 16:31:15;
1520004675.9271877;beacon;20;00:3a:7d:34:8b:f1;13;6;TUvisitor;True;True;True;24.0;;;;;;True;True;True;;;;True;2018-03-02 16:31:15;
1520004676.0238044;beacon;20;2c:d0:2d:87:31:a0;13;6;eduroam;True;True;True;24.0;;;;;;True;True;True;;;;True;2018-03-02 16:31:16;
1520004678.2871494;beacon;20;2c:33:11:56:4e:30;9;6;eduroam;True;True;True;24.0;;;;;;True;True;True;;;;True;2018-03-02 16:31:18;
1520004678.311729;beacon;20;2c:33:11:56:4e:34;9;6;tudelft-dastud;True;True;True;24.0;;;;;;True;True;True;;;;True;2018-03-02 16:31:18;
1520004678.3975239;beacon;20;2c:d0:2d:e4:f3:91;9;6;TUvisitor;True;True;True;24.0;;;;;;True;True;True;;;;True;2018-03-02 16:31:18;
1520004678.4346983;beacon;20;2c:33:11:56:4e:33;9;6;TUvisitor;True;True;True;24.0;;;;;;True;True;True;;;;True;2018-03-02 16:31:18;
1520004678.648775;beacon;20;54:a2:74:ca:b5:f2;5;6;tudelft-dastud;True;True;True;24.0;;;;;;True;True;True;;;;True;2018-03-02 16:31:18;
1520004678.6596582;beacon;20;78:ba:f9:ec:de:30;5;6;eduroam;True;True;True;24.0;;;;;;True;True;True;;;;True;2018-03-02 16:31:18;
1520004678.6979206;beacon;20;54:a2:74:ca:b5:f1;5;6;TUvisitor;True;True;True;24.0;;;;;;True;True;True;;;;True;2018-03-02 16:31:18;
1520004679.2555945;beacon;20;2c:d0:2d:87:31:a1;13;6;TUvisitor;True;True;True;24.0;;;;;;True;True;True;;;;True;2018-03-02 16:31:19;
1520004679.3626575;beacon;20;2c:d0:2d:e5:01:b0;13;6;eduroam;True;True;True;24.0;;;;;;True;True;True;;;;True;2018-03-02 16:31:19;
1520004679.387159;beacon;20;2c:d0:2d:e5:01:b4;13;6;tudelft-dastud;True;True;True;24.0;;;;;;True;True;True;;;;True;2018-03-02 16:31:19;
1520004679.3954155;beacon;20;2c:d0:2d:87:31:a2;13;6;tudelft-dastud;True;True;True;24.0;;;;;;True;True;True;;;;True;2018-03-02 16:31:19;
1520004685.2706962;beacon;20;54:a2:74:ca:b5:f0;5;6;eduroam;True;True;True;24.0;;;;;;True;True;True;;;;True;2018-03-02 16:31:25;
1520004688.9295526;beacon;20;2c:33:11:17:4c:b1;1;6;TUvisitor;True;True;True;24.0;;;;;;True;True;True;;;;True;2018-03-02 16:31:28;
1520004692.2219777;beacon;20;2c:33:11:17:4c:b2;1;6;tudelft-dastud;True;True;True;24.0;;;;;;True;True;True;;;;True;2018-03-02 16:31:32;
1520004695.540803;beacon;20;2c:33:11:17:4c:b0;1;6;eduroam;True;True;True;24.0;;;;;;True;True;True;;;;True;2018-03-02 16:31:35;
1520004698.424605;beacon;20;08:96:ad:a0:61:70;5;6;eduroam;True;True;True;24.0;;;;;;True;True;True;;;;True;2018-03-02 16:31:38;
1520004698.9158072;beacon;20;64:09:80:07:59:d2;1;4;Xiaomi_TUD20;True;True;True;1.0;True;True;True;True;True;True;True;True;True;True;True;True;2018-03-02 16:31:38;
1520004702.171816;beacon;20;4e:da:5a:7b:66:aa;1;4;xphablet;True;True;True;1.0;True;True;True;True;True;True;True;True;True;True;True;True;2018-03-02 16:31:42;
1520004702.4147792;beacon;20;2c:d0:2d:ed:85:e0;13;6;eduroam;True;True;True;24.0;;;;;;True;True;True;;;;True;2018-03-02 16:31:42;
1520004702.439365;beacon;20;2c:d0:2d:ed:85:e4;13;6;tudelft-dastud;True;True;True;24.0;;;;;;True;True;True;;;;True;2018-03-02 16:31:42;
1520004702.4585414;beacon;20;2c:33:11:31:db:71;13;6;TUvisitor;True;True;True;24.0;;;;;;True;True;True;;;;True;2018-03-02 16:31:42;
1520004702.5621612;beacon;20;2c:d0:2d:ed:85:e3;13;6;TUvisitor;True;True;True;24.0;;;;;;True;True;True;;;;True;2018-03-02 16:31:42;
1520004702.7479305;beacon;20;4c:32:75:c6:fb:1a;6;4;DARSim;True;True;True;1.0;True;True;True;True;True;True;True;True;True;True;True;True;2018-03-02 16:31:42;
1520004705.076199;beacon;20;08:96:ad:a0:61:72;5;6;tudelft-dastud;True;True;True;24.0;;;;;;True;True;True;;;;True;2018-03-02 16:31:45;
1520004705.1006498;beacon;20;2c:d0:2d:ed:b2:32;5;6;tudelft-dastud;True;True;True;24.0;;;;;;True;True;True;;;;True;2018-03-02 16:31:45;
1520004705.485151;beacon;20;2c:33:11:22:ed:32;1;6;tudelft-dastud;True;True;True;24.0;;;;;;True;True;True;;;;True;2018-03-02 16:31:45;
1520004705.7835605;beacon;20;2c:d0:2d:e4:f3:80;13;6;eduroam;True;True;True;24.0;;;;;;True;True;True;;;;True;2018-03-02 16:31:45;
1520004705.9741035;beacon;20;2c:d0:2d:e4:f3:84;13;6;tudelft-dastud;True;True;True;24.0;;;;;;True;True;True;;;;True;2018-03-02 16:31:45;
1520004708.2832117;beacon;20;2c:d0:2d:ed:b2:31;5;6;TUvisitor;True;True;True;24.0;;;;;;True;True;True;;;;True;2018-03-02 16:31:48;
1520004708.3411453;beacon;20;08:96:ad:a0:61:71;5;6;TUvisitor;True;True;True;24.0;;;;;;True;True;True;;;;True;2018-03-02 16:31:48;
1520004708.39386;beacon;20;2c:d0:2d:ed:b2:30;5;6;eduroam;True;True;True;24.0;;;;;;True;True;True;;;;True;2018-03-02 16:31:48;
1520004708.9101074;beacon;20;2c:33:11:22:ed:30;1;6;eduroam;True;True;True;24.0;;;;;;True;True;True;;;;True;2018-03-02 16:31:48;
1520004709.0373735;beacon;20;2c:33:11:31:db:70;13;6;eduroam;True;True;True;24.0;;;;;;True;True;True;;;;True;2018-03-02 16:31:49;
1520004709.0382369;beacon;20;2c:33:11:31:db:72;13;6;tudelft-dastud;True;True;True;24.0;;;;;;True;True;True;;;;True;2018-03-02 16:31:49;
1520004712.2222095;beacon;20;2c:33:11:22:ed:31;1;6;TUvisitor;True;True;True;24.0;;;;;;True;True;True;;;;True;2018-03-02 16:31:52;
1520004715.8560932;beacon;20;2c:d0:2d:ed:9b:24;13;6;tudelft-dastud;True;True;True;24.0;;;;;;True;True;True;;;;True;2018-03-02 16:31:55;
1520004718.9649215;beacon;20;2c:d0:2d:ed:9b:20;13;6;eduroam;True;True;True;24.0;;;;;;True;True;True;;;;True;2018-03-02 16:31:58;
1520004719.112437;beacon;20;2c:d0:2d:ed:9b:23;13;6;TUvisitor;True;True;True;24.0;;;;;;True;True;True;;;;True;2018-03-02 16:31:59;
1520004725.39711;beacon;20;2c:33:11:1a:45:42;1;6;tudelft-dastud;True;True;True;24.0;;;;;;True;True;True;;;;True;2018-03-02 16:32:05;
1520004725.5568519;beacon;20;2c:33:11:1a:45:40;1;6;eduroam;True;True;True;24.0;;;;;;True;True;True;;;;True;2018-03-02 16:32:05;
1520004725.5672219;beacon;20;2c:33:11:38:c9:52;13;6;tudelft-dastud;True;True;True;24.0;;;;;;True;True;True;;;;True;2018-03-02 16:32:05;
1520004725.5880134;beacon;20;2c:d0:2d:f5:88:01;13;6;TUvisitor;True;True;True;24.0;;;;;;True;True;True;;;;True;2018-03-02 16:32:05;
1520004725.6164167;beacon;20;2c:33:11:38:c9:51;13;6;TUvisitor;True;True;True;24.0;;;;;;True;True;True;;;;True;2018-03-02 16:32:05;
1520004725.698612;beacon;20;2c:d0:2d:f5:88:00;13;6;eduroam;True;True;True;24.0;;;;;;True;True;True;;;;True;2018-03-02 16:32:05;
1520004725.7270162;beacon;20;2c:33:11:38:c9:50;13;6;eduroam;True;True;True;24.0;;;;;;True;True;True;;;;True;2018-03-02 16:32:05;
1520004725.747772;beacon;20;2c:d0:2d:f5:88:02;13;6;tudelft-dastud;True;True;True;24.0;;;;;;True;True;True;;;;True;2018-03-02 16:32:05;
1520004725.83773;beacon;20;64:70:02:6b:c1:82;6;4;KVZ_Nieuwer;True;True;False;1.0;True;True;True;True;True;True;True;True;True;True;True;True;2018-03-02 16:32:05;
1520004726.1552486;beacon;40;e8:de:27:58:5b:cc;11;4;TP-LINK_2.4GHz_585BCC;True;True;True;1.0;True;True;True;True;True;True;True;True;True;True;True;True;2018-03-02 16:32:06;
1520004726.1829624;beacon;20;fa:8f:ca:69:e4:52;11;4;;True;True;True;1.0;True;True;True;True;True;True;True;True;True;True;True;True;2018-03-02 16:32:06;
1520004726.2654414;beacon;20;10:44:00:3f:d9:dd;11;4;Blizzard;True;True;True;1.0;True;True;True;True;True;True;True;True;True;True;True;True;2018-03-02 16:32:06;
1520004727.00557;beacon;40;98:de:d0:53:6c:22;7;4;Searching...;True;True;True;1.0;True;True;True;True;True;True;True;True;True;True;True;True;2018-03-02 16:32:07;
1520004729.1701832;beacon;40;c8:94:bb:48:a3:d0;6;4;HUAWEI-FLUQE7;True;True;True;1.0;True;True;True;True;True;True;True;True;True;True;True;True;2018-03-02 16:32:09;
1520004730.4686747;beacon;40;78:54:2e:fd:e3:80;3;4;IreneDaBohmba;True;True;True;1.0;True;True;True;True;True;True;True;True;True;True;True;True;2018-03-02 16:32:10;
1520004731.4373455;beacon;20;2c:33:11:50:2e:c4;5;6;tudelft-dastud;True;True;True;24.0;;;;;;True;True;True;;;;True;2018-03-02 16:32:11;
1520004731.5098112;beacon;20;2c:33:11:50:2e:c0;5;6;eduroam;True;True;True;24.0;;;;;;True;True;True;;;;True;2018-03-02 16:32:11;
1520004731.6082883;beacon;20;2c:33:11:50:2e:c3;5;6;TUvisitor;True;True;True;24.0;;;;;;True;True;True;;;;True;2018-03-02 16:32:11;
1520004731.976376;beacon;40;64:d1:a3:3c:78:a6;1;4;CR7siiiiiiiii;True;True;True;1.0;True;True;True;True;True;True;True;True;True;True;True;True;2018-03-02 16:32:11;
1520004732.110156;beacon;20;58:ef:68:50:86:ef;1;4;SugarTown-guest;True;True;True;1.0;True;True;True;True;True;True;True;True;True;True;True;True;2018-03-02 16:32:12;
1520004732.1326811;beacon;20;2c:33:11:1a:45:41;1;6;TUvisitor;True;True;True;24.0;;;;;;True;True;True;;;;True;2018-03-02 16:32:12;
1520004732.1910791;beacon;20;08:96:ad:a0:6c:20;13;6;eduroam;True;True;True;24.0;;;;;;True;True;True;;;;True;2018-03-02 16:32:12;
1520004732.3303356;beacon;20;08:96:ad:a0:6c:21;13;6;TUvisitor;True;True;True;24.0;;;;;;True;True;True;;;;True;2018-03-02 16:32:12;
1520004732.6161604;beacon;20;26:18:1d:13:87:90;6;4;AndroidAP9782;True;True;True;1.0;True;True;True;True;True;True;True;True;True;True;True;True;2018-03-02 16:32:12;
1520004735.3010733;beacon;20;2c:33:11:43:10:20;1;6;eduroam;True;True;True;24.0;;;;;;True;True;True;;;;True;2018-03-02 16:32:15;
1520004735.3502533;beacon;20;2c:33:11:43:10:22;1;6;tudelft-dastud;True;True;True;24.0;;;;;;True;True;True;;;;True;2018-03-02 16:32:15;
1520004735.3900235;beacon;20;2c:33:11:43:10:21;1;6;TUvisitor;True;True;True;24.0;;;;;;True;True;True;;;;True;2018-03-02 16:32:15;
1520004735.4217818;beacon;40;56:17:31:d5:66:53;1;4;Connectify-MT;True;True;True;1.0;True;True;True;True;True;True;True;True;True;True;True;True;2018-03-02 16:32:15;
1520004737.5530446;beacon;20;a0:63:91:05:e0:38;4;4;bike;True;True;True;1.0;True;True;True;True;True;True;True;True;True;True;True;True;2018-03-02 16:32:17;
1520004737.942199;beacon;20;1c:aa:07:7b:39:10;9;6;eduroam;True;True;True;24.0;;;;;;True;True;True;;;;True;2018-03-02 16:32:17;
1520004739.3619058;beacon;20;00:1e:c0:18:c5:eb;11;4;ICON-18c5eb;True;True;False;1.0;True;True;True;True;True;True;True;True;True;True;True;True;2018-03-02 16:32:19;
1520004741.3498156;beacon;20;2c:33:11:50:2d:20;9;6;eduroam;True;True;True;24.0;;;;;;True;True;True;;;;True;2018-03-02 16:32:21;
1520004741.5124507;beacon;20;2c:33:11:1a:43:30;5;6;eduroam;True;True;True;24.0;;;;;;True;True;True;;;;True;2018-03-02 16:32:21;
1520004741.5136578;beacon;20;2c:33:11:1a:43:32;5;6;tudelft-dastud;True;True;True;24.0;;;;;;True;True;True;;;;True;2018-03-02 16:32:21;
1520004741.6565998;beacon;40;c0:4a:00:84:50:a6;10;4;TP-LINK_8450A6;True;True;True;1.0;True;True;True;True;True;True;True;True;True;True;True;True;2018-03-02 16:32:21;
1520004742.046644;beacon;20;58:ef:68:50:86:ee;1;4;SugarTown;True;True;True;1.0;True;True;True;True;True;True;True;True;True;True;True;True;2018-03-02 16:32:22;
1520004742.3705196;beacon;20;28:6f:7f:d1:d4:d1;13;6;TUvisitor;True;True;True;24.0;;;;;;True;True;True;;;;True;2018-03-02 16:32:22;
1520004745.614607;beacon;20;28:6f:7f:d1:d4:d0;13;6;eduroam;True;True;True;24.0;;;;;;True;True;True;;;;True;2018-03-02 16:32:25;
1520004747.9218569;beacon;20;2c:33:11:50:2d:21;9;6;TUvisitor;True;True;True;24.0;;;;;;True;True;True;;;;True;2018-03-02 16:32:27;
1520004754.5583863;beacon;20;2c:33:11:50:2d:22;9;6;tudelft-dastud;True;True;True;24.0;;;;;;True;True;True;;;;True;2018-03-02 16:32:34;
1520004768.9635131;beacon;40;1c:af:f7:7f:6f:c2;6;4;edusloom;True;True;True;1.0;True;True;True;True;True;True;True;True;True;True;True;True;2018-03-02 16:32:48;
1520004794.31272;beacon;20;00:a3:8e:22:9c:62;5;6;tudelft-dastud;True;True;True;24.0;;;;;;True;True;True;;;;True;2018-03-02 16:33:14;
1520004794.4536781;beacon;20;2c:30:33:62:07:2b;5;4;zebrolab;True;True;True;1.0;True;True;True;True;True;True;True;True;True;True;True;True;2018-03-02 16:33:14;
1520004794.8993988;beacon;20;2c:33:11:52:23:62;1;6;tudelft-dastud;True;True;True;24.0;;;;;;True;True;True;;;;True;2018-03-02 16:33:14;
1520004794.8998506;beacon;20;2c:33:11:52:23:61;1;6;TUvisitor;True;True;True;24.0;;;;;;True;True;True;;;;True;2018-03-02 16:33:14;
1520004794.9223938;beacon;20;2c:33:11:52:23:60;1;6;eduroam;True;True;True;24.0;;;;;;True;True;True;;;;True;2018-03-02 16:33:14;
1520004798.1300101;beacon;20;2c:33:11:50:2d:00;1;6;eduroam;True;True;True;24.0;;;;;;True;True;True;;;;True;2018-03-02 16:33:18;
1520004800.862341;beacon;20;2c:33:11:43:1d:41;9;6;TUvisitor;True;True;True;24.0;;;;;;True;True;True;;;;True;2018-03-02 16:33:20;
1520004800.9721842;beacon;20;2c:33:11:1a:43:31;5;6;TUvisitor;True;True;True;24.0;;;;;;True;True;True;;;;True;2018-03-02 16:33:20;
1520004801.537034;beacon;20;c0:ee:fb:e2:d8:da;1;4;TetherKerpels;True;True;True;1.0;True;True;True;True;True;True;True;True;True;True;True;True;2018-03-02 16:33:21;True
1520004808.169132;beacon;20;06:d6:aa:9c:3b:44;1;4;AndroidAP;True;True;True;1.0;True;True;True;True;True;True;True;True;True;True;True;True;2018-03-02 16:33:28;
1520004808.3330684;beacon;20;28:6f:7f:d1:d4:d2;13;6;tudelft-dastud;True;True;True;24.0;;;;;;True;True;True;;;;True;2018-03-02 16:33:28;
1520004808.4452178;beacon;20;08:96:ad:a0:6c:c0;13;6;eduroam;True;True;True;24.0;;;;;;True;True;True;;;;True;2018-03-02 16:33:28;
1520004808.4461193;beacon;20;08:96:ad:a0:6c:c2;13;6;tudelft-dastud;True;True;True;24.0;;;;;;True;True;True;;;;True;2018-03-02 16:33:28;
1520004808.447367;beacon;20;08:96:ad:a0:6c:c1;13;6;TUvisitor;True;True;True;24.0;;;;;;True;True;True;;;;True;2018-03-02 16:33:28;
1520004808.447849;beacon;20;24:01:c7:76:53:41;13;6;TUvisitor;True;True;True;24.0;;;;;;True;True;True;;;;True;2018-03-02 16:33:28;
1520004811.916087;beacon;40;e8:94:f6:aa:53:5a;6;4;Michiel is welkom;True;True;True;1.0;True;True;True;True;True;True;True;True;True;True;True;True;2018-03-02 16:33:31;
1520004814.1696024;beacon;20;2c:33:11:22:eb:20;5;6;eduroam;True;True;True;24.0;;;;;;True;True;True;;;;True;2018-03-02 16:33:34;
1520004814.1882074;beacon;20;2c:33:11:22:eb:22;5;6;tudelft-dastud;True;True;True;24.0;;;;;;True;True;True;;;;True;2018-03-02 16:33:34;
1520004814.1891544;beacon;20;2c:33:11:22:eb:21;5;6;TUvisitor;True;True;True;24.0;;;;;;True;True;True;;;;True;2018-03-02 16:33:34;
1520004814.682341;beacon;20;2c:33:11:50:2d:02;1;6;tudelft-dastud;True;True;True;24.0;;;;;;True;True;True;;;;True;2018-03-02 16:33:34;
1520004814.6859937;beacon;20;2c:33:11:50:2d:01;1;6;TUvisitor;True;True;True;24.0;;;;;;True;True;True;;;;True;2018-03-02 16:33:34;
1520004814.753652;beacon;20;2c:33:11:50:2c:91;1;6;TUvisitor;True;True;True;24.0;;;;;;True;True;True;;;;True;2018-03-02 16:33:34;
1520004817.538588;beacon;20;00:a3:8e:22:9c:60;5;6;eduroam;True;True;True;24.0;;;;;;True;True;True;;;;True;2018-03-02 16:33:37;
1520004817.5495496;beacon;20;00:a3:8e:22:9c:61;5;6;TUvisitor;True;True;True;24.0;;;;;;True;True;True;;;;True;2018-03-02 16:33:37;
1520004817.9997;beacon;20;2c:33:11:50:2c:90;1;6;eduroam;True;True;True;24.0;;;;;;True;True;True;;;;True;2018-03-02 16:33:37;
1520004824.323835;beacon;20;2c:33:11:43:07:41;5;6;TUvisitor;True;True;True;24.0;;;;;;True;True;True;;;;True;2018-03-02 16:33:44;
1520004824.6873753;beacon;20;2c:33:11:38:ca:92;1;6;tudelft-dastud;True;True;True;24.0;;;;;;True;True;True;;;;True;2018-03-02 16:33:44;
1520004824.736539;beacon;20;2c:33:11:38:ca:91;1;6;TUvisitor;True;True;True;24.0;;;;;;True;True;True;;;;True;2018-03-02 16:33:44;
1520004824.847514;beacon;20;2c:33:11:38:ca:90;1;6;eduroam;True;True;True;24.0;;;;;;True;True;True;;;;True;2018-03-02 16:33:44;
1520004824.849947;beacon;20;70:db:98:26:7c:52;13;6;tudelft-dastud;True;True;True;24.0;;;;;;True;True;True;;;;True;2018-03-02 16:33:44;
1520004824.851157;beacon;20;70:db:98:26:7c:51;13;6;TUvisitor;True;True;True;24.0;;;;;;True;True;True;;;;True;2018-03-02 16:33:44;
1520004825.0066385;beacon;20;70:db:98:26:7c:50;13;6;eduroam;True;True;True;24.0;;;;;;True;True;True;;;;True;2018-03-02 16:33:45;
1520004827.3432014;beacon;20;2c:33:11:43:1d:42;9;6;tudelft-dastud;True;True;True;24.0;;;;;;True;True;True;;;;True;2018-03-02 16:33:47;
1520004831.3021789;beacon;20;2c:33:11:22:15:72;1;6;tudelft-dastud;True;True;True;24.0;;;;;;True;True;True;;;;True;2018-03-02 16:33:51;
1520004831.3030336;beacon;20;2c:33:11:22:15:71;1;6;TUvisitor;True;True;True;24.0;;;;;;True;True;True;;;;True;2018-03-02 16:33:51;
1520004831.3414972;beacon;20;2c:33:11:22:15:70;1;6;eduroam;True;True;True;24.0;;;;;;True;True;True;;;;True;2018-03-02 16:33:51;
1520004833.7678652;beacon;20;08:96:ad:a0:62:e1;9;6;TUvisitor;True;True;True;24.0;;;;;;True;True;True;;;;True;2018-03-02 16:33:53;
1520004833.924183;beacon;20;08:96:ad:a0:62:e0;9;6;eduroam;True;True;True;24.0;;;;;;True;True;True;;;;True;2018-03-02 16:33:53;
1520004833.9276145;beacon;20;08:96:ad:a0:62:e2;9;6;tudelft-dastud;True;True;True;24.0;;;;;;True;True;True;;;;True;2018-03-02 16:33:53;
1520004837.67663;beacon;40;ec:08:6b:af:64:03;10;4;TP-LINK_6403;True;True;True;1.0;True;True;True;True;True;True;True;True;True;True;True;True;2018-03-02 16:33:57;
1520004844.9961026;beacon;20;e0:3f:49:f5:5f:28;6;4;Balpol 524TL;True;True;True;1.0;True;True;True;True;True;True;True;True;True;True;True;True;2018-03-02 16:34:04;
1520004846.572067;beacon;40;90:f6:52:40:02:75;8;4;derfniw_wlan;True;True;True;1.0;True;True;True;True;True;True;True;True;True;True;True;True;2018-03-02 16:34:06;
1520004881.050256;beacon;40;f4:ec:38:eb:cb:d8;1;4;Pubcie;True;True;True;1.0;True;True;True;True;True;True;True;True;True;True;True;True;2018-03-02 16:34:41;
1520004900.9261518;beacon;20;2c:d0:2d:f5:85:30;1;6;eduroam;True;True;True;24.0;;;;;;True;True;True;;;;True;2018-03-02 16:35:00;
1520004903.3391633;beacon;20;00:a3:8e:8f:be:70;9;6;eduroam;True;True;True;24.0;;;;;;True;True;True;;;;True;2018-03-02 16:35:03;
1520004903.3397443;beacon;20;00:a3:8e:8f:be:72;9;6;tudelft-dastud;True;True;True;24.0;;;;;;True;True;True;;;;True;2018-03-02 16:35:03;
1520004903.3405027;beacon;20;00:a3:8e:8f:be:71;9;6;TUvisitor;True;True;True;24.0;;;;;;True;True;True;;;;True;2018-03-02 16:35:03;
1520004907.5000882;beacon;20;2c:d0:2d:f5:85:31;1;6;TUvisitor;True;True;True;24.0;;;;;;True;True;True;;;;True;2018-03-02 16:35:07;
1520004907.8261666;beacon;20;00:a3:8e:8f:b4:41;13;6;TUvisitor;True;True;True;24.0;;;;;;True;True;True;;;;True;2018-03-02 16:35:07;
1520004907.8262622;beacon;20;00:a3:8e:8f:b4:40;13;6;eduroam;True;True;True;24.0;;;;;;True;True;True;;;;True;2018-03-02 16:35:07;
1520004907.8272083;beacon;20;00:a3:8e:8f:b4:42;13;6;tudelft-dastud;True;True;True;24.0;;;;;;True;True;True;;;;True;2018-03-02 16:35:07;
1520004910.7940562;beacon;20;2c:d0:2d:f5:85:32;1;6;tudelft-dastud;True;True;True;24.0;;;;;;True;True;True;;;;True;2018-03-02 16:35:10;
1520004927.4861877;beacon;20;2c:33:11:43:05:e1;13;6;TUvisitor;True;True;True;24.0;;;;;;True;True;True;;;;True;2018-03-02 16:35:27;
1520004927.5358233;beacon;20;2c:33:11:43:05:e0;13;6;eduroam;True;True;True;24.0;;;;;;True;True;True;;;;True;2018-03-02 16:35:27;
1520004927.5378587;beacon;20;2c:33:11:43:05:e2;13;6;tudelft-dastud;True;True;True;24.0;;;;;;True;True;True;;;;True;2018-03-02 16:35:27;
1520004933.3643363;beacon;20;2c:33:11:22:ea:f0;5;6;eduroam;True;True;True;24.0;;;;;;True;True;True;;;;True;2018-03-02 16:35:33;
1520004933.3651092;beacon;20;2c:33:11:22:ea:f2;5;6;tudelft-dastud;True;True;True;24.0;;;;;;True;True;True;;;;True;2018-03-02 16:35:33;
1520004933.3660877;beacon;20;2c:33:11:22:ea:f1;5;6;TUvisitor;True;True;True;24.0;;;;;;True;True;True;;;;True;2018-03-02 16:35:33;
1520004947.3696735;beacon;20;1c:aa:07:b0:7d:50;13;6;eduroam;True;True;True;24.0;;;;;;True;True;True;;;;True;2018-03-02 16:35:47;
1520004947.5239968;beacon;20;1c:aa:07:b0:7d:52;13;6;tudelft-dastud;True;True;True;24.0;;;;;;True;True;True;;;;True;2018-03-02 16:35:47;
1520004947.5245;beacon;20;1c:aa:07:b0:7d:51;13;6;TUvisitor;True;True;True;24.0;;;;;;True;True;True;;;;True;2018-03-02 16:35:47;
1520004950.6389682;beacon;20;24:01:c7:29:99:40;1;6;eduroam;True;True;True;24.0;;;;;;True;True;True;;;;True;2018-03-02 16:35:50;
1520004952.9826374;beacon;20;d8:24:bd:4f:cf:11;9;6;TUvisitor;True;True;True;24.0;;;;;;True;True;True;;;;True;2018-03-02 16:35:52;
1520004953.0350158;beacon;20;00:1a:70:ea:85:2c;9;4;LP;True;True;False;1.0;True;True;True;True;True;True;True;True;True;True;True;True;2018-03-02 16:35:53;
1520004953.8209934;beacon;20;24:01:c7:29:99:42;1;6;tudelft-dastud;True;True;True;24.0;;;;;;True;True;True;;;;True;2018-03-02 16:35:53;
1520004953.8681118;beacon;20;24:01:c7:29:99:41;1;6;TUvisitor;True;True;True;24.0;;;;;;True;True;True;;;;True;2018-03-02 16:35:53;
1520004953.9987636;beacon;20;24:01:c7:76:13:12;13;6;tudelft-dastud;True;True;True;24.0;;;;;;True;True;True;;;;True;2018-03-02 16:35:53;
1520004956.2758362;beacon;20;d8:24:bd:4f:cf:12;9;6;tudelft-dastud;True;True;True;24.0;;;;;;True;True;True;;;;True;2018-03-02 16:35:56;
1520004957.390327;beacon;20;24:01:c7:76:13:11;13;6;TUvisitor;True;True;True;24.0;;;;;;True;True;True;;;;True;2018-03-02 16:35:57;
1520004957.4435863;beacon;20;24:01:c7:76:13:10;13;6;eduroam;True;True;True;24.0;;;;;;True;True;True;;;;True;2018-03-02 16:35:57;
1520004974.3509927;beacon;20;0c:51:01:e4:0a:ae;6;4;fvossepoel's Wi-Fi Network;True;True;True;1.0;True;True;True;True;True;True;True;True;True;True;True;True;2018-03-02 16:36:14;
1520004976.224909;beacon;20;00:16:0a:14:4c:38;9;4;ei;True;True;False;1.0;True;True;True;True;True;True;True;True;True;True;True;True;2018-03-02 16:36:16;
1520005010.096463;beacon;20;24:01:c7:76:2d:02;1;6;tudelft-dastud;True;True;True;24.0;;;;;;True;True;True;;;;True;2018-03-02 16:36:50;
1520005010.0971074;beacon;20;54:4a:00:66:1c:61;1;6;TUvisitor;True;True;True;24.0;;;;;;True;True;True;;;;True;2018-03-02 16:36:50;
1520005010.2077193;beacon;20;54:4a:00:66:1c:60;1;6;eduroam;True;True;True;24.0;;;;;;True;True;True;;;;True;2018-03-02 16:36:50;
1520005010.3489106;beacon;20;54:4a:00:66:1f:42;13;6;tudelft-dastud;True;True;True;24.0;;;;;;True;True;True;;;;True;2018-03-02 16:36:50;
1520005010.6316621;beacon;40;30:b5:c2:c4:5f:b0;6;4;TP-LINK_C45FB0;True;True;True;1.0;True;True;True;True;True;True;True;True;True;True;True;True;2018-03-02 16:36:50;
1520005010.8714848;beacon;20;90:f6:52:3e:3d:8a;11;4;TEMPORARY;True;True;True;1.0;True;True;True;True;True;True;True;True;True;True;True;True;2018-03-02 16:36:50;
1520005011.0890818;beacon;20;92:f6:52:3e:3d:8a;11;4;TEMPORARY2;True;True;True;1.0;True;True;True;True;True;True;True;True;True;True;True;True;2018-03-02 16:36:51;
1520005013.5008647;beacon;20;24:01:c7:76:2d:01;1;6;TUvisitor;True;True;True;24.0;;;;;;True;True;True;;;;True;2018-03-02 16:36:53;
1520005013.598519;beacon;20;24:01:c7:76:2d:00;1;6;eduroam;True;True;True;24.0;;;;;;True;True;True;;;;True;2018-03-02 16:36:53;
1520005014.2313783;beacon;20;30:b5:c2:c4:6f:44;11;4;SORRY;True;True;True;1.0;True;True;True;True;True;True;True;True;True;True;True;True;2018-03-02 16:36:54;
1520005014.2440677;beacon;20;32:b5:c2:c4:6f:44;11;4;Please wait...;True;True;True;1.0;True;True;True;True;True;True;True;True;True;True;True;True;2018-03-02 16:36:54;
1520005016.9369626;beacon;20;54:4a:00:66:1c:62;1;6;tudelft-dastud;True;True;True;24.0;;;;;;True;True;True;;;;True;2018-03-02 16:36:56;
1520005017.0828862;beacon;20;54:4a:00:66:1f:41;13;6;TUvisitor;True;True;True;24.0;;;;;;True;True;True;;;;True;2018-03-02 16:36:57;
1520005025.905243;beacon;20;24:01:c7:76:12:a1;9;6;TUvisitor;True;True;True;24.0;;;;;;True;True;True;;;;True;2018-03-02 16:37:05;
1520005025.9547462;beacon;20;24:01:c7:76:12:a0;9;6;eduroam;True;True;True;24.0;;;;;;True;True;True;;;;True;2018-03-02 16:37:05;
1520005025.9550793;beacon;20;24:01:c7:76:12:a2;9;6;tudelft-dastud;True;True;True;24.0;;;;;;True;True;True;;;;True;2018-03-02 16:37:05;
1520005026.6840446;beacon;20;54:4a:00:c7:69:a1;1;6;TUvisitor;True;True;True;24.0;;;;;;True;True;True;;;;True;2018-03-02 16:37:06;
1520005026.982553;beacon;20;24:01:c7:ac:db:a0;13;6;eduroam;True;True;True;24.0;;;;;;True;True;True;;;;True;2018-03-02 16:37:06;
1520005027.0317822;beacon;20;24:01:c7:ac:db:a2;13;6;tudelft-dastud;True;True;True;24.0;;;;;;True;True;True;;;;True;2018-03-02 16:37:07;
1520005030.2143972;beacon;20;24:01:c7:ac:db:a1;13;6;TUvisitor;True;True;True;24.0;;;;;;True;True;True;;;;True;2018-03-02 16:37:10;
1520005043.2442145;beacon;20;54:4a:00:c7:69:a0;1;6;eduroam;True;True;True;24.0;;;;;;True;True;True;;;;True;2018-03-02 16:37:23;
1520005043.34752;beacon;20;54:4a:00:c7:69:a2;1;6;tudelft-dastud;True;True;True;24.0;;;;;;True;True;True;;;;True;2018-03-02 16:37:23;
1520005083.872552;beacon;40;64:70:02:39:05:e9;11;4;doptrack;True;True;True;1.0;True;True;True;True;True;True;True;True;True;True;True;True;2018-03-02 16:38:03;
1520005105.5901139;beacon;20;d8:24:bd:4f:cf:10;9;6;eduroam;True;True;True;24.0;;;;;;True;True;True;;;;True;2018-03-02 16:38:25;
1520005112.9004576;beacon;20;1c:aa:07:b0:74:c2;1;6;tudelft-dastud;True;True;True;24.0;;;;;;True;True;True;;;;True;2018-03-02 16:38:32;
1520005112.94954;beacon;20;1c:aa:07:b0:74:c1;1;6;TUvisitor;True;True;True;24.0;;;;;;True;True;True;;;;True;2018-03-02 16:38:32;
1520005113.0601962;beacon;20;1c:aa:07:b0:74:c0;1;6;eduroam;True;True;True;24.0;;;;;;True;True;True;;;;True;2018-03-02 16:38:33;
1520005122.0675821;beacon;20;1c:aa:07:6f:28:50;9;6;eduroam;True;True;True;24.0;;;;;;True;True;True;;;;True;2018-03-02 16:38:42;
1520005122.0681746;beacon;20;1c:aa:07:6f:28:52;9;6;tudelft-dastud;True;True;True;24.0;;;;;;True;True;True;;;;True;2018-03-02 16:38:42;
1520005129.4622068;beacon;20;54:4a:00:66:12:a2;1;6;tudelft-dastud;True;True;True;24.0;;;;;;True;True;True;;;;True;2018-03-02 16:38:49;
1520005129.5113645;beacon;20;54:4a:00:66:12:a1;1;6;TUvisitor;True;True;True;24.0;;;;;;True;True;True;;;;True;2018-03-02 16:38:49;
1520005129.621958;beacon;20;54:4a:00:66:12:a0;1;6;eduroam;True;True;True;24.0;;;;;;True;True;True;;;;True;2018-03-02 16:38:49;
1520005129.7061656;beacon;20;24:01:c7:76:27:30;13;6;eduroam;True;True;True;24.0;;;;;;True;True;True;;;;True;2018-03-02 16:38:49;
1520005129.7200327;beacon;20;24:01:c7:76:27:32;13;6;tudelft-dastud;True;True;True;24.0;;;;;;True;True;True;;;;True;2018-03-02 16:38:49;
1520005129.7691839;beacon;20;24:01:c7:76:27:31;13;6;TUvisitor;True;True;True;24.0;;;;;;True;True;True;;;;True;2018-03-02 16:38:49;
1520005132.7482405;beacon;20;b8:be:bf:b7:7c:40;1;6;eduroam;True;True;True;24.0;;;;;;True;True;True;;;;True;2018-03-02 16:38:52;
1520005153.3285549;beacon;20;34:12:98:04:c1:8a;6;4;habels's Wi-Fi Network;True;True;True;1.0;True;True;True;True;True;True;True;True;True;True;True;True;2018-03-02 16:39:13;
1520005155.2633436;beacon;20;2c:33:11:43:1d:40;9;6;eduroam;True;True;True;24.0;;;;;;True;True;True;;;;True;2018-03-02 16:39:15;
1520005162.0631983;beacon;20;2c:33:11:43:07:42;5;6;tudelft-dastud;True;True;True;24.0;;;;;;True;True;True;;;;True;2018-03-02 16:39:22;
1520005162.223044;beacon;20;2c:33:11:43:07:40;5;6;eduroam;True;True;True;24.0;;;;;;True;True;True;;;;True;2018-03-02 16:39:22;
1520005162.7291956;beacon;20;2c:33:11:50:2c:92;1;6;tudelft-dastud;True;True;True;24.0;;;;;;True;True;True;;;;True;2018-03-02 16:39:22;
1520005166.1425738;beacon;20;2c:d0:2d:98:16:c0;13;6;eduroam;True;True;True;24.0;;;;;;True;True;True;;;;True;2018-03-02 16:39:26;
1520005166.2407882;beacon;20;2c:d0:2d:98:16:c1;13;6;TUvisitor;True;True;True;24.0;;;;;;True;True;True;;;;True;2018-03-02 16:39:26;
1520005168.6711006;beacon;20;2c:33:11:56:52:b0;9;6;eduroam;True;True;True;24.0;;;;;;True;True;True;;;;True;2018-03-02 16:39:28;
1520005169.6810794;beacon;20;54:4a:00:66:1c:b1;13;6;TUvisitor;True;True;True;24.0;;;;;;True;True;True;;;;True;2018-03-02 16:39:29;
1520005171.8291569;beacon;20;2c:33:11:56:52:b4;9;6;tudelft-dastud;True;True;True;24.0;;;;;;True;True;True;;;;True;2018-03-02 16:39:31;
1520005171.8704462;beacon;20;2c:33:11:1a:31:a2;9;6;tudelft-dastud;True;True;True;24.0;;;;;;True;True;True;;;;True;2018-03-02 16:39:31;
1520005171.8713624;beacon;20;2c:33:11:1a:31:a1;9;6;TUvisitor;True;True;True;24.0;;;;;;True;True;True;;;;True;2018-03-02 16:39:31;
1520005171.8959491;beacon;20;2c:33:11:1a:31:a0;9;6;eduroam;True;True;True;24.0;;;;;;True;True;True;;;;True;2018-03-02 16:39:31;
1520005175.985134;beacon;20;2c:33:11:39:90:32;1;6;tudelft-dastud;True;True;True;24.0;;;;;;True;True;True;;;;True;2018-03-02 16:39:35;
1520005176.0486395;beacon;20;2c:33:11:39:90:31;1;6;TUvisitor;True;True;True;24.0;;;;;;True;True;True;;;;True;2018-03-02 16:39:36;
1520005179.5406659;beacon;20;24:01:c7:76:53:40;13;6;eduroam;True;True;True;24.0;;;;;;True;True;True;;;;True;2018-03-02 16:39:39;
1520005179.5898252;beacon;20;24:01:c7:76:53:42;13;6;tudelft-dastud;True;True;True;24.0;;;;;;True;True;True;;;;True;2018-03-02 16:39:39;
1520005182.6199303;beacon;20;2c:33:11:39:90:30;1;6;eduroam;True;True;True;24.0;;;;;;True;True;True;;;;True;2018-03-02 16:39:42;
1520005185.9758096;beacon;20;00:80:48:75:55:43;1;4;Connexxion free wifi;True;True;False;1.0;True;True;True;True;True;True;True;True;True;True;True;True;2018-03-02 16:39:45;
1520005188.4718542;beacon;40;64:d1:54:6d:7a:37;9;4;QuimBarreiros;True;True;True;1.0;True;True;True;True;True;True;True;True;True;True;True;True;2018-03-02 16:39:48;
1520005196.1552808;beacon;20;2c:d0:2d:98:1e:70;13;6;eduroam;True;True;True;24.0;;;;;;True;True;True;;;;True;2018-03-02 16:39:56;
1520005196.223295;beacon;20;d0:60:8c:23:2a:ce;6;4;DonerCompany;True;True;True;1.0;True;True;True;True;True;True;True;True;True;True;True;True;2018-03-02 16:39:56;
1520005196.3232746;beacon;20;72:60:8c:23:2a:cc;6;4;DonerCompanyGast;True;True;True;1.0;True;True;True;True;True;True;True;True;True;True;True;True;2018-03-02 16:39:56;
1520005199.313385;beacon;20;2c:d0:2d:98:1e:74;13;6;tudelft-dastud;True;True;True;24.0;;;;;;True;True;True;;;;True;2018-03-02 16:39:59;
1520005199.3370688;beacon;20;08:96:ad:a0:6c:22;13;6;tudelft-dastud;True;True;True;24.0;;;;;;True;True;True;;;;True;2018-03-02 16:39:59;
1520005199.436261;beacon;20;2c:d0:2d:98:1e:73;13;6;TUvisitor;True;True;True;24.0;;;;;;True;True;True;;;;True;2018-03-02 16:39:59;
1520005207.6069138;beacon;40;c0:25:e9:03:2b:30;3;4;Noor;True;True;True;1.0;True;True;True;True;True;True;True;True;True;True;True;True;2018-03-02 16:40:07;
1520005213.2441492;beacon;40;00:0c:f6:c2:d1:9c;11;4;De Witte Spetters;True;True;True;1.0;True;True;True;True;True;True;True;True;True;True;True;True;2018-03-02 16:40:13;
1520005217.473325;beacon;40;6c:fd:b9:4b:ea:3c;3;4;ICIDU;True;True;True;1.0;True;True;True;True;True;True;True;True;True;True;True;True;2018-03-02 16:40:17;
1520005221.5161462;beacon;20;08:96:ad:a2:3a:a3;9;6;TUvisitor;True;True;True;24.0;;;;;;True;True;True;;;;True;2018-03-02 16:40:21;
1520005221.566482;beacon;20;08:96:ad:a2:3a:a0;9;6;eduroam;True;True;True;24.0;;;;;;True;True;True;;;;True;2018-03-02 16:40:21;
1520005222.4916892;beacon;20;2c:d0:2d:e4:f3:83;13;6;TUvisitor;True;True;True;24.0;;;;;;True;True;True;;;;True;2018-03-02 16:40:22;
1520005222.6827981;beacon;40;00:87:36:0d:31:51;6;4;LB03240;True;True;True;1.0;True;True;True;True;True;True;True;True;True;True;True;True;2018-03-02 16:40:22;
1520005224.7357774;beacon;20;08:96:ad:a2:3a:a4;9;6;tudelft-dastud;True;True;True;24.0;;;;;;True;True;True;;;;True;2018-03-02 16:40:24;
1520005225.5978153;beacon;20;2c:33:11:50:31:c3;1;6;TUvisitor;True;True;True;24.0;;;;;;True;True;True;;;;True;2018-03-02 16:40:25;
1520005228.7926524;beacon;20;2c:33:11:50:31:c0;1;6;eduroam;True;True;True;24.0;;;;;;True;True;True;;;;True;2018-03-02 16:40:28;
1520005228.8172848;beacon;20;2c:33:11:50:31:c4;1;6;tudelft-dastud;True;True;True;24.0;;;;;;True;True;True;;;;True;2018-03-02 16:40:28;
1520005231.3381517;beacon;20;08:96:ad:a0:44:50;9;6;eduroam;True;True;True;24.0;;;;;;True;True;True;;;;True;2018-03-02 16:40:31;
1520005231.3627162;beacon;20;08:96:ad:a0:44:54;9;6;tudelft-dastud;True;True;True;24.0;;;;;;True;True;True;;;;True;2018-03-02 16:40:31;
1520005241.3072474;beacon;20;08:96:ad:a0:44:53;9;6;TUvisitor;True;True;True;24.0;;;;;;True;True;True;;;;True;2018-03-02 16:40:41;
1520005242.3096993;beacon;20;2c:33:11:31:db:21;13;6;TUvisitor;True;True;True;24.0;;;;;;True;True;True;;;;True;2018-03-02 16:40:42;
1520005242.4615571;beacon;20;2c:33:11:31:db:20;13;6;eduroam;True;True;True;24.0;;;;;;True;True;True;;;;True;2018-03-02 16:40:42;
1520005242.463298;beacon;20;2c:33:11:31:db:22;13;6;tudelft-dastud;True;True;True;24.0;;;;;;True;True;True;;;;True;2018-03-02 16:40:42;
1520005251.2362874;beacon;20;00:a3:8e:a4:e9:30;9;6;eduroam;True;True;True;24.0;;;;;;True;True;True;;;;True;2018-03-02 16:40:51;
1520005251.2853544;beacon;20;00:a3:8e:a4:e9:32;9;6;tudelft-dastud;True;True;True;24.0;;;;;;True;True;True;;;;True;2018-03-02 16:40:51;
1520005251.3345633;beacon;20;00:a3:8e:a4:e9:31;9;6;TUvisitor;True;True;True;24.0;;;;;;True;True;True;;;;True;2018-03-02 16:40:51;
1520005258.3645096;beacon;40;ac:9e:17:59:a3:58;10;4;It hurts when IP;True;True;True;1.0;True;True;True;True;True;True;True;True;True;True;True;True;2018-03-02 16:40:58;
1520005258.5231965;beacon;20;50:c7:bf:22:27:e9;10;4;Wie is wifi?;True;True;True;1.0;True;True;True;True;True;True;True;True;True;True;True;True;2018-03-02 16:40:58;
